City_ID,City,Country,Date,Lat,Lng,Max Temp,Humidity,Cloudiness,Wind Speed
0,Los Llanos De Aridane,ES,2022-06-17 21:41:36,28.6585,-17.9182,67.75,87,100,18.41
1,Hermanus,ZA,2022-06-17 21:41:36,-34.4187,19.2345,57.67,67,58,12.44
2,Mataura,NZ,2022-06-17 21:41:36,-46.1927,168.8643,38.48,92,75,1.63
3,Busselton,AU,2022-06-17 21:41:37,-33.65,115.3333,56.26,69,100,23.38
4,Obama,JP,2022-06-17 21:41:37,35.4958,135.746,70.95,81,100,6.29
5,Nador,MA,2022-06-17 21:41:37,35.174,-2.9287,75.27,94,0,5.75
6,Thompson,CA,2022-06-17 21:41:38,55.7435,-97.8558,64.56,20,20,5.75
7,Rio Cuarto,AR,2022-06-17 21:41:38,-33.1307,-64.3499,55.17,28,0,8.05
8,Qaanaaq,GL,2022-06-17 21:41:34,77.484,-69.3632,39.9,76,5,4.34
9,Dikson,RU,2022-06-17 21:41:38,73.5069,80.5464,30.27,94,77,11.3
10,Eureka,US,2022-06-17 21:41:39,40.8021,-124.1637,67.12,61,21,8.99
11,Pringsewu,ID,2022-06-17 21:41:39,-5.3582,104.9744,72.99,90,99,0.04
12,Barrow,US,2022-06-17 21:41:40,71.2906,-156.7887,37.42,87,100,10.36
13,Cape Town,ZA,2022-06-17 21:38:16,-33.9258,18.4232,57.11,90,75,21.85
14,Darovskoy,RU,2022-06-17 21:41:40,58.77,47.9564,51.6,90,63,4.14
15,Kaka,TM,2022-06-17 21:41:40,37.3482,59.6143,83.43,27,0,6.46
16,Tasiilaq,GL,2022-06-17 21:41:41,65.6145,-37.6368,42.96,83,85,8.28
17,Vaini,TO,2022-06-17 21:41:41,-21.2,-175.2,78.96,89,75,8.05
18,Atuona,PF,2022-06-17 21:41:41,-9.8,-139.0333,77.77,69,0,16.06
19,Punta Arenas,CL,2022-06-17 21:41:42,-53.15,-70.9167,35.71,60,75,13.8
20,Alindao,CF,2022-06-17 21:41:42,5.0267,21.2088,70.27,98,100,6.44
21,Castro,BR,2022-06-17 21:41:42,-24.7911,-50.0119,60.08,95,98,9.13
22,Touros,BR,2022-06-17 21:40:56,-5.1989,-35.4608,75.72,76,26,9.6
23,Fortuna,US,2022-06-17 21:41:43,40.5982,-124.1573,66.85,57,20,12.66
24,Esperance,AU,2022-06-17 21:41:43,-33.8667,121.9,57.99,76,96,18.21
25,Onega,RU,2022-06-17 21:41:44,63.9061,38.1404,45.05,98,100,7.16
26,Assinovskaya,RU,2022-06-17 21:41:44,43.24,45.18,65.28,91,30,2.89
27,High Rock,BS,2022-06-17 21:41:44,26.6208,-78.2833,86.02,68,9,14.12
28,Clyde River,CA,2022-06-17 21:41:08,70.4692,-68.5914,35.83,87,20,33.38
29,Bluff,NZ,2022-06-17 21:41:45,-46.6,168.3333,38.8,79,100,11.79
30,Ancud,CL,2022-06-17 21:41:45,-41.8697,-73.8203,43.23,76,99,5.73
31,Rikitea,PF,2022-06-17 21:41:45,-23.1203,-134.9692,72.81,64,58,4.83
32,San Luis,AR,2022-06-17 21:41:46,-33.295,-66.3356,46.18,40,0,3.91
33,Arraial Do Cabo,BR,2022-06-17 21:41:46,-22.9661,-42.0278,71.46,83,0,6.91
34,Valparaiso,CL,2022-06-17 21:37:12,-33.0393,-71.6273,62.83,58,0,11.5
35,Bairiki,KI,2022-06-17 21:41:47,1.3292,172.9752,80.6,94,40,10.36
36,Geraldton,AU,2022-06-17 21:37:07,-28.7667,114.6,64.81,72,40,13.8
37,Zhigansk,RU,2022-06-17 21:41:47,66.7697,123.3711,57.76,40,80,1.45
38,Nosy Varika,MG,2022-06-17 21:41:47,-20.5833,48.5333,67.73,86,97,5.3
39,Gorin,RU,2022-06-17 21:41:48,51.1983,136.6669,54.88,98,100,4.27
40,Port Moresby,PG,2022-06-17 21:37:07,-9.4431,147.1797,77.74,84,7,5.08
41,Beya,RU,2022-06-17 21:41:48,53.0533,90.9139,52.38,75,45,6.6
42,Ushuaia,AR,2022-06-17 21:38:37,-54.8,-68.3,29.86,86,75,20.71
43,Saint-Pierre,RE,2022-06-17 21:41:49,-21.3393,55.4781,68.92,88,75,5.75
44,Sinnamary,GF,2022-06-17 21:41:49,5.3833,-52.95,77.61,84,100,6.67
45,Vila Franca Do Campo,PT,2022-06-17 21:42:49,37.7167,-25.4333,71.2,93,40,6.69
46,Itupiranga,BR,2022-06-17 21:42:50,-5.1347,-49.3267,82.72,73,92,3.2
47,Avarua,CK,2022-06-17 21:42:50,-21.2078,-159.775,80.65,65,20,9.22
48,Yellowknife,CA,2022-06-17 21:42:51,62.456,-114.3525,68.52,40,40,8.05
49,Hilo,US,2022-06-17 21:39:10,19.7297,-155.09,87.28,69,100,16.11
50,Tubinskiy,RU,2022-06-17 21:42:51,52.8892,58.2225,57.58,95,100,2.08
51,Bow Island,CA,2022-06-17 21:42:51,49.8668,-111.3684,80.47,53,0,5.75
52,Saldanha,ZA,2022-06-17 21:42:52,-33.0117,17.9442,58.59,93,99,24.09
53,Tiksi,RU,2022-06-17 21:42:52,71.6872,128.8694,35.56,83,100,7.25
54,Baykit,RU,2022-06-17 21:42:52,61.67,96.37,56.37,97,25,3.51
55,Albany,US,2022-06-17 21:42:26,42.6001,-73.9662,81.01,50,23,12.12
56,Burnie,AU,2022-06-17 21:42:53,-41.0667,145.9167,43.95,90,82,5.41
57,Tupik,RU,2022-06-17 21:42:18,54.4253,119.9327,55.92,87,50,1.54
58,Carnarvon,AU,2022-06-17 21:42:53,-24.8667,113.6333,70.16,68,93,5.73
59,Nipawin,CA,2022-06-17 21:42:53,53.3668,-104.0009,69.84,60,20,17.27
60,Kapaa,US,2022-06-17 21:42:54,22.0752,-159.319,82.38,76,20,12.66
61,Tomatlan,MX,2022-06-17 21:42:54,19.9333,-105.25,89.98,47,90,14.38
62,Yumen,CN,2022-06-17 21:42:55,40.2833,97.2,71.47,27,100,2.91
63,Tura,IN,2022-06-17 21:42:55,25.5198,90.2201,71.65,99,100,5.01
64,Isangel,VU,2022-06-17 21:42:55,-19.55,169.2667,78.91,89,75,9.22
65,Klaksvik,FO,2022-06-17 21:42:56,62.2266,-6.589,49.12,90,100,36.55
66,Beloha,MG,2022-06-17 21:42:56,-25.1667,45.05,60.31,71,1,3.96
67,Port Alfred,ZA,2022-06-17 21:42:56,-33.5906,26.891,62.96,36,1,11.16
68,Severo-Kurilsk,RU,2022-06-17 21:42:57,50.6789,156.125,48.54,91,100,9.4
69,Iqaluit,CA,2022-06-17 21:42:57,63.7506,-68.5145,44.33,56,100,21.85
70,Sangar,RU,2022-06-17 21:42:57,63.9242,127.4739,58.1,74,31,3.18
71,Tuktoyaktuk,CA,2022-06-17 21:42:58,69.4541,-133.0374,66.2,45,75,0.0
72,Constanza,DE,2022-06-17 21:42:58,47.6603,9.1758,68.43,62,34,1.99
73,East London,ZA,2022-06-17 21:42:58,-33.0153,27.9116,64.69,30,0,8.5
74,Mahebourg,MU,2022-06-17 21:42:59,-20.4081,57.7,69.26,94,20,6.91
75,Airai,TL,2022-06-17 21:42:59,-8.9266,125.4092,56.53,94,25,3.98
76,Santa Helena De Goias,BR,2022-06-17 21:42:59,-17.8136,-50.5969,76.3,36,0,1.5
77,Haimen,CN,2022-06-17 21:43:00,23.1935,116.6142,76.89,91,100,6.6
78,Tuatapere,NZ,2022-06-17 21:43:00,-46.1333,167.6833,42.24,87,79,3.58
79,Rosetta,EG,2022-06-17 21:43:00,31.4044,30.4164,74.23,82,0,12.08
80,Uniao,BR,2022-06-17 21:43:01,-4.5858,-42.8642,76.55,73,93,1.43
81,Camacha,PT,2022-06-17 21:43:01,33.0833,-16.3333,65.62,77,40,13.8
82,Broome,US,2022-06-17 21:43:02,42.2506,-75.833,78.35,53,75,11.5
83,Sorrento,IT,2022-06-17 21:38:38,40.626,14.3744,74.34,84,75,5.01
84,Pombia,IT,2022-06-17 21:43:02,45.653,8.6336,82.22,61,0,6.91
85,Buraydah,SA,2022-06-17 21:43:03,26.326,43.975,93.65,14,3,9.69
86,Cidreira,BR,2022-06-17 21:43:03,-30.1811,-50.2056,59.74,91,100,18.61
87,Basco,PH,2022-06-17 21:43:03,20.4487,121.9702,84.81,75,74,9.15
88,Mapastepec,MX,2022-06-17 21:43:04,15.4333,-92.9,80.53,86,87,3.18
89,Ribeira Grande,PT,2022-06-17 21:42:06,38.5167,-28.7,68.13,88,2,8.28
90,Aklavik,CA,2022-06-17 21:44:05,68.2191,-135.0107,75.72,27,59,20.18
91,Bayan,CN,2022-06-17 21:44:05,46.0833,127.4,64.99,72,7,6.06
92,Nouadhibou,MR,2022-06-17 21:41:45,20.931,-17.0347,71.58,73,0,23.02
93,Hobyo,SO,2022-06-17 21:44:05,5.3505,48.5268,78.24,80,94,24.92
94,Bonfim,BR,2022-06-17 21:44:06,3.0833,-59.95,84.15,75,6,2.98
95,Along,IN,2022-06-17 21:44:06,28.1667,94.7667,70.68,99,100,1.3
96,Bethel,US,2022-06-17 21:43:08,41.3712,-73.414,87.89,41,0,10.36
97,Pasighat,IN,2022-06-17 21:44:07,28.0667,95.3333,72.82,99,100,1.23
98,Riberalta,BO,2022-06-17 21:44:07,-10.9833,-66.1,84.4,74,75,0.0
99,Ust-Omchug,RU,2022-06-17 21:44:08,61.15,149.6333,53.87,71,72,1.63
100,Pangnirtung,CA,2022-06-17 21:44:08,66.1451,-65.7125,39.2,70,75,16.11
101,Puerto Ayora,EC,2022-06-17 21:44:08,-0.7393,-90.3518,76.96,89,57,8.01
102,Bull Savanna,JM,2022-06-17 21:44:09,17.8868,-77.5902,81.72,67,93,13.4
103,Jamestown,US,2022-06-17 21:44:09,42.097,-79.2353,74.79,49,75,16.11
104,Mamontovo,RU,2022-06-17 21:44:10,52.7055,81.6244,55.36,94,99,7.47
105,Teguldet,RU,2022-06-17 21:44:10,57.3064,88.1667,51.75,99,77,4.72
106,Mar Del Plata,AR,2022-06-17 21:44:11,-38.0023,-57.5575,46.42,81,75,14.97
107,Gat,IL,2022-06-17 21:44:11,31.61,34.7642,75.88,100,0,3.6
108,Norman Wells,CA,2022-06-17 21:44:11,65.282,-126.8329,68.04,34,20,13.8
109,Luanda,AO,2022-06-17 21:41:03,-8.8368,13.2343,71.6,78,20,5.75
110,Port Elizabeth,ZA,2022-06-17 21:44:12,-33.918,25.5701,48.49,93,0,3.44
111,Traverse City,US,2022-06-17 21:44:12,44.7631,-85.6206,71.67,43,20,11.5
112,New Norfolk,AU,2022-06-17 21:44:12,-42.7826,147.0587,47.91,90,100,0.96
113,Shache,CN,2022-06-17 21:44:13,38.4167,77.2406,74.46,31,100,6.55
114,Parsabad,IR,2022-06-17 21:44:13,39.6482,47.9174,73.72,60,0,11.5
115,Omboue,GA,2022-06-17 21:44:13,-1.5746,9.2618,73.09,82,77,4.94
116,Lebu,CL,2022-06-17 21:44:14,-37.6167,-73.65,47.55,79,85,7.61
117,Wonthaggi,AU,2022-06-17 21:40:39,-38.6044,145.5913,50.83,93,48,7.52
118,Porto Novo,BJ,2022-06-17 21:44:14,6.4965,2.6036,78.62,94,97,9.78
119,Kamaishi,JP,2022-06-17 21:44:14,39.2667,141.8833,67.55,74,0,1.45
120,Saint-Philippe,RE,2022-06-17 21:44:15,-21.3585,55.7679,67.59,78,34,2.24
121,Kedrovyy,RU,2022-06-17 21:44:15,56.1667,91.8167,50.41,95,46,3.65
122,Bredasdorp,ZA,2022-06-17 21:44:16,-34.5322,20.0403,55.35,43,44,6.06
123,Gilgit,PK,2022-06-17 21:44:16,35.9221,74.3087,66.74,77,100,0.58
124,Lakes Entrance,AU,2022-06-17 21:44:16,-37.8811,147.981,46.6,90,25,5.37
125,Ahuimanu,US,2022-06-17 21:44:17,21.4447,-157.8378,83.91,64,75,16.11
126,Talcahuano,CL,2022-06-17 21:40:15,-36.7167,-73.1167,51.48,93,100,4.61
127,Deputatskiy,RU,2022-06-17 21:44:17,69.3,139.9,40.96,64,18,2.89
128,Mogocha,RU,2022-06-17 21:44:18,53.7333,119.7667,56.01,87,93,2.21
129,Prince Rupert,CA,2022-06-17 21:43:44,54.3161,-130.3201,58.69,83,100,16.11
130,Hobart,AU,2022-06-17 21:44:19,-42.8794,147.3294,48.25,95,75,3.44
131,Bang Saphan,TH,2022-06-17 21:44:19,11.2126,99.5117,77.07,91,79,4.18
132,Beringovskiy,RU,2022-06-17 21:44:19,63.05,179.3167,49.05,75,1,8.43
133,Taoudenni,ML,2022-06-17 21:45:20,22.6783,-3.9836,87.13,44,100,23.26
134,Alyangula,AU,2022-06-17 21:45:20,-13.8483,136.4192,73.15,77,66,11.77
135,Shizunai,JP,2022-06-17 21:45:21,42.3339,142.3669,60.93,83,0,1.28
136,Aksha,RU,2022-06-17 21:45:21,50.2814,113.2867,62.06,69,49,1.52
137,Salinopolis,BR,2022-06-17 21:45:22,-0.6136,-47.3561,78.22,83,96,7.43
138,Bilma,NE,2022-06-17 21:45:22,18.6853,12.9164,92.91,12,7,15.7
139,Cayenne,GF,2022-06-17 21:45:22,4.9333,-52.3333,82.09,14,0,3.44
140,Arlit,NE,2022-06-17 21:45:23,18.7369,7.3853,95.27,18,95,3.58
141,Tobermory,CA,2022-06-17 21:45:23,45.2501,-81.6665,53.2,79,14,20.69
142,Sao Filipe,CV,2022-06-17 21:45:23,14.8961,-24.4956,74.97,76,7,8.32
143,Broken Hill,AU,2022-06-17 21:45:24,-31.95,141.4333,45.93,79,0,6.04
144,Monrovia,LR,2022-06-17 21:45:24,6.3005,-10.7969,78.26,80,100,17.22
145,Port Lincoln,AU,2022-06-17 21:43:44,-34.7333,135.8667,53.4,67,3,13.82
146,Rio Grande,BR,2022-06-17 21:45:25,-32.035,-52.0986,55.51,74,100,17.38
147,Lavrentiya,RU,2022-06-17 21:45:25,65.5833,-171.0,47.82,61,16,2.57
148,Osakarovka,KZ,2022-06-17 21:45:25,50.565,72.5692,60.42,65,42,3.2
149,Fort Nelson,CA,2022-06-17 21:45:17,58.8053,-122.7002,63.99,63,75,12.66
150,Hofn,IS,2022-06-17 21:45:26,64.2539,-15.2082,49.33,77,100,18.28
151,Bonthe,SL,2022-06-17 21:45:26,7.5264,-12.505,73.51,95,100,7.36
152,Comodoro Rivadavia,AR,2022-06-17 21:45:27,-45.8667,-67.5,48.06,43,0,26.46
153,Dingle,PH,2022-06-17 21:45:27,10.9995,122.6711,79.21,84,100,1.57
154,Kaitangata,NZ,2022-06-17 21:45:27,-46.2817,169.8464,41.04,84,74,9.01
155,Tecoanapa,MX,2022-06-17 21:45:28,16.5167,-98.75,81.57,74,97,12.35
156,Verkhoyansk,RU,2022-06-17 21:45:28,67.5447,133.385,54.0,40,51,0.4
157,Letlhakane,BW,2022-06-17 21:45:28,-21.4167,25.5833,52.79,42,0,7.11
158,Dong Hoi,VN,2022-06-17 21:44:44,17.4833,106.6,82.89,74,37,9.84
159,Parakou,BJ,2022-06-17 21:45:29,9.3372,2.6303,72.18,90,56,2.82
160,Lagos,NG,2022-06-17 21:43:19,6.5833,3.75,75.52,96,100,4.07
161,Sal Rei,CV,2022-06-17 21:45:29,16.1833,-22.9167,73.27,86,14,20.87
162,San Patricio,US,2022-06-17 21:45:30,28.017,-97.5169,95.72,43,18,16.15
163,Abakaliki,NG,2022-06-17 21:45:30,6.3163,8.1169,71.8,95,100,4.34
164,Gushikawa,JP,2022-06-17 21:45:30,26.3544,127.8686,76.62,91,75,6.91
165,Yurga,RU,2022-06-17 21:45:31,55.7231,84.8861,55.45,98,100,8.3
166,Rethimnon,GR,2022-06-17 21:45:31,35.3647,24.4714,73.02,55,0,2.19
167,Kalmunai,LK,2022-06-17 21:45:31,7.4167,81.8167,78.33,83,100,7.92
168,Port Macquarie,AU,2022-06-17 21:45:32,-31.4333,152.9167,45.9,80,35,12.86
169,Bandarbeyla,SO,2022-06-17 21:45:32,9.4942,50.8122,77.25,84,70,27.51
170,Tala,EG,2022-06-17 21:45:33,30.6803,30.9429,70.99,90,0,6.96
171,Cherskiy,RU,2022-06-17 21:45:33,68.75,161.3,52.32,41,66,10.2
172,Kieta,PG,2022-06-17 21:45:33,-6.2167,155.6333,81.68,73,79,2.17
173,Emba,KZ,2022-06-17 21:45:34,48.8264,58.1442,70.63,50,80,5.17
174,Kodiak,US,2022-06-17 21:41:02,57.79,-152.4072,53.11,87,100,12.66
175,Eyrarbakki,IS,2022-06-17 21:45:34,63.863,-21.1481,48.25,82,83,23.04
176,Flin Flon,CA,2022-06-17 21:45:34,54.7682,-101.865,60.64,44,100,6.91
177,Maine-Soroa,NE,2022-06-17 21:45:35,13.2114,12.0241,82.47,54,92,12.35
178,Mehamn,NO,2022-06-17 21:46:35,71.0357,27.8492,40.95,87,75,2.3
179,Ilulissat,GL,2022-06-17 21:46:35,69.2167,-51.1,39.22,87,75,5.75
180,Wanning,CN,2022-06-17 21:46:36,18.8003,110.3967,81.03,92,19,11.61
181,Nikolskoye,RU,2022-06-17 21:46:36,59.7035,30.7861,53.78,86,99,5.06
182,Guarda,PT,2022-06-17 21:46:06,40.5373,-7.2658,60.06,53,10,0.45
183,Cuicatlan,MX,2022-06-17 21:46:37,17.8,-96.9667,86.86,43,25,8.34
184,Hithadhoo,MV,2022-06-17 21:46:37,-0.6,73.0833,82.13,72,100,6.93
185,Hamada,JP,2022-06-17 21:46:37,34.8833,132.0833,72.19,81,57,1.97
186,Banda Aceh,ID,2022-06-17 21:46:38,5.5577,95.3222,79.68,79,93,6.15
187,Kansanshi,ZM,2022-06-17 21:46:38,-12.0951,26.4273,55.0,55,14,2.26
188,Izumo,JP,2022-06-17 21:46:38,35.3667,132.7667,69.69,88,40,4.61
189,Caravelas,BR,2022-06-17 21:46:39,-17.7125,-39.2481,68.4,88,3,4.74
190,Khatanga,RU,2022-06-17 21:46:39,71.9667,102.5,52.84,68,89,19.66
191,Sao Gabriel Da Cachoeira,BR,2022-06-17 21:46:39,-0.1303,-67.0892,77.68,89,62,2.8
192,Lorengau,PG,2022-06-17 21:46:40,-2.0226,147.2712,81.59,81,100,10.36
193,Luderitz,NA,2022-06-17 21:46:40,-26.6481,15.1594,54.84,89,0,7.54
194,Chokurdakh,RU,2022-06-17 21:46:41,70.6333,147.9167,39.49,69,100,8.52
195,Tual,ID,2022-06-17 21:46:41,-5.6667,132.75,82.36,76,43,18.72
196,Xining,CN,2022-06-17 21:46:41,36.6167,101.7667,57.79,50,100,2.51
197,Bitung,ID,2022-06-17 21:46:42,1.4451,125.1824,74.25,82,75,2.3
198,Kollegal,IN,2022-06-17 21:46:42,12.15,77.1167,70.83,92,100,6.31
199,Christchurch,NZ,2022-06-17 21:43:36,-43.5333,172.6333,42.91,91,75,9.22
200,Oistins,BB,2022-06-17 21:44:29,13.0667,-59.5333,84.29,65,20,17.27
201,Moyotzingo,MX,2022-06-17 21:46:43,19.25,-98.4,73.31,32,24,4.56
202,Shimoda,JP,2022-06-17 21:46:43,34.6667,138.95,72.1,91,100,6.33
203,Bara,NG,2022-06-17 21:46:43,10.3744,10.7288,73.26,83,70,8.88
204,Coihaique,CL,2022-06-17 21:42:08,-45.5752,-72.0662,40.95,70,75,4.61
205,Ruteng,ID,2022-06-17 21:46:44,-8.6136,120.4721,60.66,91,47,1.95
206,Torbay,CA,2022-06-17 21:43:44,47.6666,-52.7314,59.77,68,20,10.36
207,Bambous Virieux,MU,2022-06-17 21:46:44,-20.3428,57.7575,69.22,94,20,6.91
208,Filingue,NE,2022-06-17 21:46:45,14.3521,3.3168,85.08,51,100,7.38
209,Sungaipenuh,ID,2022-06-17 21:46:45,-2.0833,101.3833,63.27,98,96,1.23
210,Richards Bay,ZA,2022-06-17 21:46:45,-28.783,32.0377,56.07,54,0,7.85
211,Leningradskiy,RU,2022-06-17 21:46:46,69.3833,178.4167,39.49,69,62,6.35
212,Kailua,US,2022-06-17 21:46:46,21.4022,-157.7394,84.18,66,75,12.66
213,Umm Kaddadah,SD,2022-06-17 21:46:46,13.6017,26.6876,91.27,17,14,14.9
214,Havoysund,NO,2022-06-17 21:46:47,70.9963,24.6622,43.03,71,99,12.59
215,Muros,ES,2022-06-17 21:46:47,42.7762,-9.0603,67.08,91,46,4.23
216,Marawi,PH,2022-06-17 21:46:47,7.9986,124.2928,69.03,93,58,2.37
217,Boyany,UA,2022-06-17 21:46:48,48.2708,26.1262,60.33,91,21,6.91
218,Dukat,RU,2022-06-17 21:46:48,62.55,155.55,48.78,65,99,0.38
219,Aviles,ES,2022-06-17 21:46:49,43.5547,-5.9248,75.38,77,0,7.0
220,Tessalit,ML,2022-06-17 21:46:49,20.1986,1.0114,86.76,37,99,3.04
221,Naron,ES,2022-06-17 21:46:49,43.5167,-8.1528,67.59,95,96,1.48
222,Davila,PH,2022-06-17 21:46:50,18.4726,120.5763,76.98,72,78,3.2
223,Brookhaven,US,2022-06-17 21:42:29,31.5791,-90.4407,95.25,44,32,1.83
224,Kahului,US,2022-06-17 21:46:50,20.8947,-156.47,87.82,58,40,21.85
225,Gravenhurst,CA,2022-06-17 21:46:50,44.9168,-79.3663,67.57,55,100,21.85
226,Karapyshi,UA,2022-06-17 21:47:51,49.6424,30.79,56.37,98,100,5.7
227,Chuy,UY,2022-06-17 21:47:51,-33.6971,-53.4616,50.67,51,45,15.57
228,La Ronge,CA,2022-06-17 21:47:51,55.1001,-105.2842,59.25,67,75,16.11
229,Sarkand,KZ,2022-06-17 21:47:52,45.41,79.9186,61.05,45,3,7.0
230,Yerbogachen,RU,2022-06-17 21:47:52,61.2767,108.0108,61.72,62,100,6.78
231,Butaritari,KI,2022-06-17 21:47:53,3.0707,172.7902,82.4,77,12,15.17
232,Bengkulu,ID,2022-06-17 21:47:53,-3.8004,102.2655,74.89,91,91,7.29
233,Shahreza,IR,2022-06-17 21:47:53,32.0339,51.8794,72.37,24,0,4.65
234,Ciudad Bolivar,VE,2022-06-17 21:47:54,8.1222,-63.5497,79.52,78,95,14.81
235,Obidos,BR,2022-06-17 21:47:54,-1.9175,-55.5181,77.79,69,7,1.3
236,San Cristobal,VE,2022-06-17 21:47:55,7.7669,-72.225,80.78,63,83,4.32
237,Srednekolymsk,RU,2022-06-17 21:47:55,67.45,153.6833,61.32,31,100,7.87
238,Beitbridge,ZW,2022-06-17 21:47:55,-22.2167,30.0,59.61,54,0,4.76
239,Zyryanka,RU,2022-06-17 21:47:56,65.75,150.85,60.06,46,59,15.55
240,Berdigestyakh,RU,2022-06-17 21:47:56,62.0989,126.6992,60.84,59,11,3.0
241,Mpika,ZM,2022-06-17 21:47:56,-11.8343,31.4529,53.96,83,13,5.53
242,Port Hawkesbury,CA,2022-06-17 21:47:57,45.6169,-61.3485,63.79,81,100,11.5
243,Atocha,BO,2022-06-17 21:47:57,-20.9333,-66.2333,37.26,15,0,12.26
244,Saskylakh,RU,2022-06-17 21:47:58,71.9167,114.0833,57.6,85,100,7.85
245,Westport,US,2022-06-17 21:47:58,41.1415,-73.3579,89.58,43,0,19.57
246,Dicabisagan,PH,2022-06-17 21:47:58,17.0818,122.4157,80.2,85,51,4.25
247,Ahipara,NZ,2022-06-17 21:47:59,-35.1667,173.1667,59.13,94,100,8.16
248,Amaru,RO,2022-06-17 21:47:59,44.9333,26.5833,64.26,73,98,13.2
249,Alofi,NU,2022-06-17 21:47:59,-19.0595,-169.9187,76.89,88,61,17.27
250,Sabang,ID,2022-06-17 21:48:00,5.8933,95.3214,82.58,73,100,7.96
251,Anadyr,RU,2022-06-17 21:48:00,64.75,177.4833,59.5,58,20,6.71
252,Yasnyy,RU,2022-06-17 21:48:01,51.0333,59.8742,66.4,62,35,7.18
253,Sarana,RU,2022-06-17 21:48:01,56.4773,57.7259,57.69,93,100,2.64
254,Hasaki,JP,2022-06-17 21:48:01,35.7333,140.8333,70.2,80,100,4.38
255,Jurm,AF,2022-06-17 21:48:02,36.8648,70.8342,62.91,59,61,1.32
256,Vestmanna,FO,2022-06-17 21:48:02,62.1564,-7.1664,47.32,93,100,12.66
257,Vostok,RU,2022-06-17 21:48:03,46.4856,135.8833,55.2,100,100,1.81
258,Antigonish,CA,2022-06-17 21:48:03,45.6169,-61.9986,65.82,87,97,8.01
259,Marfino,RU,2022-06-17 21:48:04,55.7028,37.3822,56.95,79,0,6.71
260,Chumikan,RU,2022-06-17 21:48:04,54.7183,135.315,39.04,95,100,4.05
261,Camacupa,AO,2022-06-17 21:48:05,-12.0167,17.4833,56.93,43,35,3.4
262,Pemberton,CA,2022-06-17 21:43:41,50.3164,-122.8027,73.08,31,92,2.13
263,Ketchikan,US,2022-06-17 21:48:05,55.3422,-131.6461,63.07,59,0,8.05
264,Ixtapa,MX,2022-06-17 21:48:05,20.7,-105.2,83.43,74,75,16.11
265,Whitehorse,CA,2022-06-17 21:48:06,60.7161,-135.0538,76.1,29,40,12.66
266,Kaeo,NZ,2022-06-17 21:48:07,-35.1,173.7833,58.32,97,100,8.7
267,Georgetown,MY,2022-06-17 21:45:17,5.4112,100.3354,78.73,97,20,2.3
268,Tateyama,JP,2022-06-17 21:48:07,34.9833,139.8667,72.1,85,100,5.37
269,Port Shepstone,ZA,2022-06-17 21:48:07,-30.7414,30.455,57.96,54,0,7.07
270,Cabo San Lucas,MX,2022-06-17 21:47:38,22.8909,-109.9124,90.7,66,74,7.43
271,Andenes,NO,2022-06-17 21:48:08,69.3143,16.1194,46.38,87,0,14.97
272,Nantucket,US,2022-06-17 21:49:08,41.2835,-70.0995,71.71,94,100,16.11
273,Grindavik,IS,2022-06-17 21:49:09,63.8424,-22.4338,48.67,81,75,25.32
274,Voh,NC,2022-06-17 21:49:09,-20.9667,164.7,73.33,90,100,4.79
275,Ambovombe,MG,2022-06-17 21:49:09,-25.1667,46.0833,61.45,72,9,4.12
276,Clarence Town,AU,2022-06-17 21:49:10,-32.5833,151.7833,54.86,88,96,5.03
277,Samana,DO,2022-06-17 21:49:10,19.2056,-69.3369,84.42,79,75,0.0
278,Kanniyakumari,IN,2022-06-17 21:49:11,8.0833,77.5667,80.13,82,100,15.1
279,Nemuro,JP,2022-06-17 21:45:43,43.3236,145.575,51.73,96,99,2.06
280,Saint Anthony,US,2022-06-17 21:49:11,45.0205,-93.218,84.9,34,0,10.36
281,Kiama,AU,2022-06-17 21:49:11,-34.6833,150.8667,57.0,70,97,5.01
282,Wangou,CN,2022-06-17 21:49:12,42.0623,126.9127,57.92,99,100,2.21
283,Yagodnoye,RU,2022-06-17 21:49:12,62.55,149.6667,57.24,38,70,3.31
284,Anchorage,US,2022-06-17 21:45:51,61.2181,-149.9003,65.08,65,100,10.36
285,Nishihara,JP,2022-06-17 21:49:13,26.1842,127.7558,76.68,88,75,13.8
286,Belmonte,BR,2022-06-17 21:49:13,-15.8631,-38.8828,71.33,82,16,4.45
287,Kuah,MY,2022-06-17 21:49:14,6.3265,99.8432,78.78,89,20,0.0
288,Wembley,AU,2022-06-17 21:49:14,-31.9333,115.8,59.14,88,75,20.71
289,Seguin,US,2022-06-17 21:47:39,29.5688,-97.9647,99.91,39,75,8.05
290,Hurghada,EG,2022-06-17 21:49:15,27.2574,33.8129,87.84,30,0,8.05
291,Belawan,ID,2022-06-17 21:49:15,3.7755,98.6832,77.29,95,100,7.9
292,Sisimiut,GL,2022-06-17 21:49:16,66.9395,-53.6735,36.52,96,92,1.72
293,Victoria,HK,2022-06-17 21:46:40,22.2855,114.1577,84.38,85,99,10.0
294,San Policarpo,PH,2022-06-17 21:49:16,12.1791,125.5072,82.53,79,68,8.41
295,Gloucester,GB,2022-06-17 21:45:00,51.8657,-2.2431,70.56,92,1,3.51
296,Upernavik,GL,2022-06-17 21:49:17,72.7868,-56.1549,35.78,85,71,10.31
297,Aguadilla,PR,2022-06-17 21:49:17,18.4275,-67.1541,85.75,78,40,9.22
298,Atar,MR,2022-06-17 21:49:18,20.5169,-13.0499,93.69,28,36,6.82
299,Hamilton,US,2022-06-17 21:49:05,39.1834,-84.5333,89.22,47,0,12.66
300,Hovd,MN,2022-06-17 21:49:18,48.0056,91.6419,54.73,61,65,3.74
301,Ataco,CO,2022-06-17 21:49:19,3.5915,-75.3818,85.12,64,46,2.62
302,Tilichiki,RU,2022-06-17 21:49:19,60.4667,166.1,44.42,93,100,0.83
303,Lasa,IT,2022-06-17 21:49:19,46.6166,10.7002,70.68,64,85,5.75
304,Bella Union,UY,2022-06-17 21:49:20,-30.2752,-57.6007,51.24,63,0,7.81
305,Portland,US,2022-06-17 21:49:20,45.5234,-122.6762,63.55,82,100,8.99
306,Olafsvik,IS,2022-06-17 21:49:21,64.8945,-23.7142,46.09,87,100,27.16
307,Antofagasta,CL,2022-06-17 21:49:21,-23.65,-70.4,58.28,86,9,7.56
308,Mnogovershinnyy,RU,2022-06-17 21:49:22,53.9353,139.9242,55.0,77,100,3.47
309,Kamenka,RU,2022-06-17 21:49:22,51.3223,42.7678,59.85,76,56,4.12
310,Grand Gaube,MU,2022-06-17 21:49:23,-20.0064,57.6608,68.38,79,0,1.99
311,Salinas,US,2022-06-17 21:49:23,36.6777,-121.6555,72.57,48,0,17.27
312,Cururupu,BR,2022-06-17 21:49:24,-1.8283,-44.8683,75.65,88,100,3.91
313,Namibe,AO,2022-06-17 21:49:24,-15.1961,12.1522,62.01,87,5,8.88
314,Chilca,PE,2022-06-17 21:49:24,-12.5211,-76.7372,62.33,81,7,4.59
315,Do Gonbadan,IR,2022-06-17 21:49:25,30.3586,50.7981,82.49,16,0,0.0
316,Racale,IT,2022-06-17 21:49:25,39.9631,18.0938,76.87,64,11,11.14
317,Powell River,CA,2022-06-17 21:45:17,49.8496,-124.5361,72.19,68,20,12.66
318,Laguna,US,2022-06-17 21:50:26,38.421,-121.4238,76.75,37,0,16.11
319,Shenzhen,CN,2022-06-17 21:45:36,22.5455,114.0683,84.27,96,99,7.02
320,Yanam,IN,2022-06-17 21:50:26,16.7333,82.2167,81.75,83,100,4.52
321,Evensk,RU,2022-06-17 21:50:27,61.95,159.2333,46.17,94,100,4.36
322,Kuvshinovo,RU,2022-06-17 21:50:27,57.0295,34.1725,47.95,95,9,5.1
323,Ponta Do Sol,PT,2022-06-17 21:50:27,32.6667,-17.1,68.72,78,0,3.13
324,Natchez,US,2022-06-17 21:47:07,31.5604,-91.4032,96.26,55,0,3.44
325,Zaykovo,RU,2022-06-17 21:50:28,57.5613,62.7568,59.04,91,70,3.31
326,Oranjemund,NA,2022-06-17 21:50:29,-28.55,16.4333,54.57,85,17,10.11
327,Vila Velha,BR,2022-06-17 21:46:53,-20.3297,-40.2925,73.35,86,0,12.66
328,Kulu,TR,2022-06-17 21:50:29,39.0951,33.0799,64.47,67,1,7.27
329,Hvide Sande,DK,2022-06-17 21:50:30,56.0045,8.1294,66.09,87,98,15.37
330,Yeppoon,AU,2022-06-17 21:50:30,-23.1333,150.7333,47.98,56,0,6.26
331,Karlskoga,SE,2022-06-17 21:50:30,59.3267,14.5239,58.32,97,100,9.75
332,Safaga,EG,2022-06-17 21:50:31,26.7292,33.9365,85.73,48,0,14.74
333,Yingcheng,CN,2022-06-17 21:50:31,30.95,113.55,72.93,91,83,3.06
334,Sitka,US,2022-06-17 21:50:31,57.0531,-135.33,62.49,67,20,13.8
335,Lata,PT,2022-06-17 21:50:32,40.1629,-8.3327,65.8,93,27,1.5
336,Honningsvag,NO,2022-06-17 21:50:32,70.9821,25.9704,42.55,75,100,8.05
337,Three Hills,CA,2022-06-17 21:47:15,51.7001,-113.2686,70.99,65,100,11.5
338,Nanortalik,GL,2022-06-17 21:50:32,60.1432,-45.2371,45.37,88,100,21.34
339,Guerrero Negro,MX,2022-06-17 21:50:33,27.9769,-114.0611,74.77,55,49,15.05
340,Vao,NC,2022-06-17 21:50:33,-22.6667,167.4833,69.76,87,100,14.14
341,Mbarara,UG,2022-06-17 21:50:34,-0.608,30.65,62.37,78,64,2.91
342,Mount Gambier,AU,2022-06-17 21:50:34,-37.8333,140.7667,40.91,100,100,8.05
343,Sumter,US,2022-06-17 21:50:34,28.7086,-82.0831,98.08,53,33,7.34
344,Owosso,US,2022-06-17 21:47:58,42.9978,-84.1766,82.8,32,0,20.71
345,Pevek,RU,2022-06-17 21:50:35,69.7008,170.3133,36.07,77,100,4.74
346,Matagami,CA,2022-06-17 21:50:35,49.7502,-77.6328,48.31,87,100,20.71
347,Hanzhong,CN,2022-06-17 21:50:36,33.0728,107.0303,70.25,63,100,0.67
348,Paita,PE,2022-06-17 21:50:36,-5.0892,-81.1144,67.48,70,47,17.11
349,Scarborough,GB,2022-06-17 21:47:28,54.2797,-0.4044,64.78,80,100,3.0
350,Mount Isa,AU,2022-06-17 21:50:36,-20.7333,139.5,56.97,44,3,8.05
351,Buckingham,GB,2022-06-17 21:50:37,51.9997,-0.9878,69.75,1,3,3.0
352,Port Hardy,CA,2022-06-17 21:50:37,50.6996,-127.4199,60.98,63,75,16.11
353,Natal,BR,2022-06-17 21:46:49,-5.795,-35.2094,80.82,78,20,8.05
354,Lompoc,US,2022-06-17 21:49:17,34.6391,-120.4579,75.78,61,0,19.57
355,Balclutha,NZ,2022-06-17 21:50:38,-46.2339,169.75,38.8,87,77,5.19
356,Kozhva,RU,2022-06-17 21:50:38,65.1073,57.0459,60.49,67,100,3.98
357,Istok,XK,2022-06-17 21:50:38,42.7808,20.4875,59.45,88,100,3.56
358,Pochutla,MX,2022-06-17 21:50:39,15.7432,-96.4661,85.82,74,100,7.54
359,Non Sang,TH,2022-06-17 21:50:39,16.8687,102.5664,77.13,88,80,3.27
360,Pisco,PE,2022-06-17 21:50:39,-13.7,-76.2167,68.05,60,0,16.11
361,Margate,GB,2022-06-17 21:50:40,51.3813,1.3862,69.31,72,6,10.98
362,Angahuan,MX,2022-06-17 21:50:40,19.55,-102.1833,56.16,78,69,3.27
363,Carman,CA,2022-06-17 21:50:40,49.4992,-98.0016,77.34,38,6,9.22
364,Bukachacha,RU,2022-06-17 21:50:41,52.9833,116.9167,61.97,62,64,1.34
365,Souillac,MU,2022-06-17 21:50:41,-20.5167,57.5167,64.78,94,20,6.91
366,Amga,RU,2022-06-17 21:50:41,60.8953,131.9608,57.88,74,18,1.81
367,Abu Kamal,SY,2022-06-17 21:51:42,34.4506,40.9171,92.39,18,0,5.73
368,Beberibe,BR,2022-06-17 21:51:42,-4.1797,-38.1306,75.72,73,87,6.17
369,Thinadhoo,MV,2022-06-17 21:51:42,0.5333,72.9333,82.67,74,100,6.89
370,Komsomolskiy,UZ,2022-06-17 21:51:43,40.4272,71.7189,75.92,38,100,9.22
371,Rutigliano,IT,2022-06-17 21:51:43,41.0111,17.0055,75.54,77,4,8.21
372,Acajutla,SV,2022-06-17 21:47:12,13.5928,-89.8275,80.83,81,79,6.64
373,Beni Mazar,EG,2022-06-17 21:51:44,28.4962,30.8029,79.79,47,0,19.8
374,Itarema,BR,2022-06-17 21:51:44,-2.9248,-39.9167,76.73,82,100,9.37
375,Ilhabela,BR,2022-06-17 21:51:44,-23.7781,-45.3581,69.44,71,10,5.37
376,Namatanai,PG,2022-06-17 21:51:45,-3.6667,152.4333,81.54,75,60,6.85
377,Constitucion,CL,2022-06-17 21:51:45,-35.3333,-72.4167,51.57,79,65,10.38
378,Juneau,US,2022-06-17 21:51:46,58.3019,-134.4197,72.84,71,20,9.22
379,Kalabo,ZM,2022-06-17 21:51:46,-14.97,22.6814,57.4,43,52,5.37
380,Tonota,BW,2022-06-17 21:51:46,-21.4833,27.4833,51.04,71,0,7.02
381,Kavaratti,IN,2022-06-17 21:51:47,10.5669,72.642,81.82,75,99,12.73
382,Manggar,ID,2022-06-17 21:51:47,-2.8833,108.2667,78.57,84,100,2.73
383,Esso,RU,2022-06-17 21:51:47,55.9333,158.7,52.66,83,100,3.09
384,Wenzhou,CN,2022-06-17 21:51:48,27.9994,120.6668,72.1,96,100,2.44
385,Agropoli,IT,2022-06-17 21:51:48,40.3469,14.9966,66.58,92,50,8.3
386,Bathsheba,BB,2022-06-17 21:51:48,13.2167,-59.5167,84.81,65,20,17.27
387,Acapulco,MX,2022-06-17 21:51:49,16.8634,-99.8901,82.04,71,88,10.18
388,Atherton,GB,2022-06-17 21:51:49,53.5237,-2.4935,65.28,89,100,7.0
389,Goderich,CA,2022-06-17 21:51:50,43.7501,-81.7165,65.91,72,48,11.5
390,Ca Mau,VN,2022-06-17 21:51:50,9.1769,105.15,78.04,89,94,3.42
391,Krabi,TH,2022-06-17 21:51:50,8.0726,98.9105,77.2,94,20,1.14
392,Tautira,PF,2022-06-17 21:51:51,-17.7333,-149.15,78.49,75,22,14.56
393,Yulara,AU,2022-06-17 21:51:51,-25.2406,130.9889,54.46,55,40,7.52
394,Darnah,LY,2022-06-17 21:51:51,32.767,22.6367,73.63,79,0,12.41
395,Cap Malheureux,MU,2022-06-17 21:51:52,-19.9842,57.6142,68.47,79,0,1.99
396,Banjar,ID,2022-06-17 21:51:52,-8.19,114.9675,75.69,89,32,3.94
397,Lima,PE,2022-06-17 21:51:52,-12.0432,-77.0282,59.25,88,100,8.05
398,Umm Lajj,SA,2022-06-17 21:51:53,25.0213,37.2685,84.22,64,4,9.93
399,Pauini,BR,2022-06-17 21:51:53,-7.7136,-66.9764,75.25,95,90,1.34
400,Haines Junction,CA,2022-06-17 21:51:53,60.7522,-137.5108,71.55,28,84,8.05
401,Magadi,IN,2022-06-17 21:51:54,12.9667,77.2333,70.57,88,100,11.65
402,Candiis,PH,2022-06-17 21:51:54,8.9703,125.1842,77.77,84,2,3.98
403,Kargil,IN,2022-06-17 21:51:54,34.5667,76.1,49.91,53,100,5.01
404,Kolyvan,RU,2022-06-17 21:51:55,55.3053,82.7391,56.82,98,100,8.57
405,Te Anau,NZ,2022-06-17 21:51:55,-45.4167,167.7167,39.38,92,77,1.1
406,Buchanan,LR,2022-06-17 21:51:55,5.8808,-10.0467,77.31,82,100,13.53
407,Bucak,TR,2022-06-17 21:51:56,37.4592,30.595,68.52,46,0,4.43
408,Assiniboia,CA,2022-06-17 21:51:56,49.6334,-105.9845,82.22,34,11,25.32
409,Lazaro Cardenas,MX,2022-06-17 21:51:56,17.9583,-102.2,82.76,68,90,9.48
410,Nisia Floresta,BR,2022-06-17 21:52:57,-6.0911,-35.2086,80.98,85,12,6.24
411,Pacific Grove,US,2022-06-17 21:52:57,36.6177,-121.9166,70.39,61,0,13.8
412,Nouakchott,MR,2022-06-17 21:52:58,18.0858,-15.9785,80.53,44,52,16.62
413,Hambantota,LK,2022-06-17 21:52:58,6.1241,81.1185,77.34,100,40,2.3
414,Port-Gentil,GA,2022-06-17 21:52:58,-0.7193,8.7815,76.05,75,96,10.02
415,Presidente Medici,BR,2022-06-17 21:52:59,-11.1753,-61.9014,80.62,62,48,2.77
416,Carutapera,BR,2022-06-17 21:52:59,-1.195,-46.02,75.18,93,100,7.34
417,Charlestown,AU,2022-06-17 21:52:59,-32.95,151.6667,55.11,82,95,8.99
418,Tiarei,PF,2022-06-17 21:53:00,-17.5333,-149.3333,84.22,73,10,16.26
419,Skjervoy,NO,2022-06-17 21:53:00,70.0311,20.9714,46.4,74,6,14.34
420,Voyvozh,RU,2022-06-17 21:53:00,62.892,54.9635,54.09,95,100,4.43
421,Danville,US,2022-06-17 21:53:01,36.586,-79.395,90.16,36,49,5.26
422,Chintamani,IN,2022-06-17 21:53:01,13.4,78.0667,70.14,76,100,5.59
423,Ridgecrest,US,2022-06-17 21:53:01,35.6225,-117.6709,91.26,6,75,20.71
424,Tres Lagoas,BR,2022-06-17 21:53:02,-20.7511,-51.6783,75.78,56,44,4.52
425,Mutoko,ZW,2022-06-17 21:53:02,-17.397,32.2268,51.37,91,2,3.0
426,Poum,NC,2022-06-17 21:53:02,-20.2333,164.0167,75.65,84,100,15.79
427,Kavieng,PG,2022-06-17 21:53:03,-2.5744,150.7967,82.62,69,45,12.88
428,Vasarosnameny,HU,2022-06-17 21:53:03,48.1333,22.3167,62.83,74,0,8.93
429,Esmeraldas,BR,2022-06-17 21:53:03,-19.7625,-44.3139,74.26,41,0,2.44
430,Honiara,SB,2022-06-17 21:53:04,-9.4333,159.95,81.86,74,99,5.73
431,Northam,GB,2022-06-17 21:53:04,51.0333,-4.2167,59.67,93,8,5.17
432,Amli,IN,2022-06-17 21:53:04,20.2833,73.0167,81.66,82,100,6.78
433,Zelenets,RU,2022-06-17 21:53:05,61.8849,50.7489,55.65,81,9,3.91
434,Dzhebariki-Khaya,RU,2022-06-17 21:53:05,62.2167,135.8,59.49,84,100,3.18
435,Hokitika,NZ,2022-06-17 21:53:06,-42.7167,170.9667,52.63,79,99,4.68
436,Media Luna,CU,2022-06-17 21:53:06,20.1419,-77.435,82.6,72,99,8.01
437,Talnakh,RU,2022-06-17 21:53:06,69.4865,88.3972,45.21,61,15,9.93
438,San Quintin,MX,2022-06-17 21:53:07,30.4833,-115.95,69.96,66,40,15.84
439,Goundam,ML,2022-06-17 21:53:07,16.4145,-3.6708,91.53,39,33,16.4
440,Kapit,MY,2022-06-17 21:53:07,2.0167,112.9333,72.95,100,100,1.39
441,Cumberland,US,2022-06-17 21:53:08,35.0502,-78.8664,99.57,44,0,12.66
442,Aksu,CN,2022-06-17 21:53:08,41.1231,80.2644,72.23,24,1,1.68
443,Floriano,BR,2022-06-17 21:51:27,-6.7669,-43.0225,81.64,47,35,5.23
444,Karratha,AU,2022-06-17 21:53:09,-20.7377,116.8463,75.9,72,95,4.18
445,Kahta,TR,2022-06-17 21:53:09,37.7855,38.6237,79.97,20,0,1.97
446,Provideniya,RU,2022-06-17 21:53:09,64.3833,-173.3,52.23,51,13,3.6
447,Mabaruma,GY,2022-06-17 21:53:10,8.2,-59.7833,78.8,83,75,4.61
448,Bumba,CD,2022-06-17 21:53:10,2.1833,22.4667,70.72,98,100,4.14
449,Hirara,JP,2022-06-17 21:53:11,24.8,125.2833,80.87,94,75,5.75
450,Jadu,LY,2022-06-17 21:53:11,31.953,12.0261,72.09,33,0,6.85
451,Arivonimamo,MG,2022-06-17 21:53:12,-19.0167,47.1833,57.25,91,73,5.06
452,Jalu,LY,2022-06-17 21:53:12,29.0331,21.5482,79.95,42,0,15.61
453,Mgandu,TZ,2022-06-17 21:53:12,-5.95,34.1333,60.82,73,21,10.8
454,Coruripe,BR,2022-06-17 21:53:13,-10.1256,-36.1756,75.24,84,99,7.99
455,Bahia Blanca,AR,2022-06-17 21:53:13,-38.7196,-62.2724,44.87,36,2,6.46
456,Ashland,US,2022-06-17 21:51:27,40.8167,-82.2665,81.14,47,0,13.71
457,Mezen,RU,2022-06-17 21:54:13,65.8522,44.24,47.68,96,76,4.38
458,Sao Joao Da Barra,BR,2022-06-17 21:54:14,-21.6403,-41.0511,71.69,85,0,13.24
459,Minna,NG,2022-06-17 21:54:14,9.6139,6.5569,70.57,95,93,2.48
460,Ust-Nera,RU,2022-06-17 21:54:14,64.5667,143.2,61.5,51,100,4.97
461,Half Moon Bay,US,2022-06-17 21:54:15,37.4636,-122.4286,74.41,61,0,16.11
462,Shenjiamen,CN,2022-06-17 21:54:15,29.9576,122.298,71.91,97,99,10.83
463,Murgab,TM,2022-06-17 21:54:16,37.4966,61.9714,78.67,25,0,9.22
464,Sabana Grande De Boya,DO,2022-06-17 21:54:16,18.945,-69.7933,82.8,74,98,6.91
465,Kushima,JP,2022-06-17 21:54:16,31.4583,131.2333,71.08,98,100,1.99
466,Lagoa,PT,2022-06-17 21:54:17,39.05,-27.9833,66.25,91,0,7.87
467,Kholodnyy,RU,2022-06-17 21:54:17,62.7167,147.95,57.36,32,12,0.78
468,Keti Bandar,PK,2022-06-17 21:54:17,24.1447,67.4497,85.19,73,28,14.63
469,Acarau,BR,2022-06-17 21:54:18,-2.8856,-40.12,77.22,82,100,9.42
470,Mackay,AU,2022-06-17 21:54:18,-21.15,149.2,59.68,74,12,12.53
471,Kosino,RU,2022-06-17 21:54:18,58.4127,51.2782,52.63,90,26,2.46
472,Morondava,MG,2022-06-17 21:54:19,-20.2833,44.2833,66.72,56,0,14.38
473,Elat,IL,2022-06-17 21:54:19,29.5581,34.9482,85.84,51,0,6.91
474,Tarko-Sale,RU,2022-06-17 21:54:19,64.9225,77.785,50.74,54,15,10.16
475,Eydhafushi,MV,2022-06-17 21:54:20,5.1033,73.0708,81.99,77,99,10.56
476,Araouane,ML,2022-06-17 21:54:20,18.9048,-3.5265,90.99,33,70,13.76
477,Kathu,TH,2022-06-17 21:54:20,7.9178,98.3332,85.75,83,100,1.45
478,Libenge,CD,2022-06-17 21:54:21,3.65,18.6333,69.39,98,100,2.68
479,Lebedinyy,RU,2022-06-17 21:54:21,58.5167,125.5167,51.94,78,37,4.97
480,Korla,CN,2022-06-17 21:54:22,41.7597,86.1469,70.07,50,77,6.87
481,Kruisfontein,ZA,2022-06-17 21:54:22,-34.0033,24.7314,59.11,30,21,9.48
482,Idenao,CM,2022-06-17 21:54:22,4.2475,9.0047,74.19,92,100,1.05
483,Alekseyevka,RU,2022-06-17 21:54:23,50.6309,38.6903,56.61,84,89,3.22
484,Peskovka,RU,2022-06-17 21:54:23,59.0448,52.3606,51.37,93,34,3.2
485,Marsaxlokk,MT,2022-06-17 21:54:23,35.8419,14.5431,76.08,78,0,5.75
486,Avera,US,2022-06-17 21:54:11,33.194,-82.5271,98.65,25,78,8.86
487,San Angelo,US,2022-06-17 21:54:24,31.4638,-100.437,100.94,19,0,5.99
488,Rabat,MA,2022-06-17 21:54:24,33.9911,-6.8401,70.16,84,40,0.0
489,Koksovyy,RU,2022-06-17 21:54:24,48.1967,40.5989,59.7,64,0,1.36
490,Gambela,ET,2022-06-17 21:54:25,8.25,34.5833,72.91,81,42,4.25
491,Nichinan,JP,2022-06-17 21:54:25,31.6,131.3667,73.08,96,100,11.07
492,Tucuman,AR,2022-06-17 21:54:25,-26.8241,-65.2226,66.2,27,0,4.61
493,Kudahuvadhoo,MV,2022-06-17 21:54:26,2.6708,72.8944,82.44,71,96,7.9
494,Mokhsogollokh,RU,2022-06-17 21:54:26,61.4681,128.9203,60.01,58,31,2.24
495,Ugoofaaru,MV,2022-06-17 21:54:26,5.6667,73.0,81.55,79,100,10.2
496,Shitanjing,CN,2022-06-17 21:54:27,39.2342,106.3439,70.54,34,15,7.65
497,Beyneu,KZ,2022-06-17 21:54:27,45.3167,55.2,78.55,40,58,9.06
498,Santiago Del Estero,AR,2022-06-17 21:53:47,-27.7951,-64.2615,56.61,37,0,3.87
499,Quatre Cocos,MU,2022-06-17 21:54:28,-20.2078,57.7625,69.1,71,0,3.98
500,Port Hedland,AU,2022-06-17 21:54:28,-20.3167,118.5667,68.05,73,98,6.91
501,Cordele,US,2022-06-17 21:49:50,31.9635,-83.7824,99.12,36,0,3.44
502,Maku,IR,2022-06-17 21:54:29,39.2911,44.4521,69.3,53,0,1.36
503,Nokaneng,BW,2022-06-17 21:54:29,-19.6667,22.2667,55.69,24,0,4.72
504,Arawa,PG,2022-06-17 21:55:29,-6.2132,155.5367,81.91,74,82,1.81
505,Bagdarin,RU,2022-06-17 21:55:30,54.4333,113.6,58.98,70,57,0.34
506,Gisborne,NZ,2022-06-17 21:55:30,-38.6533,178.0042,56.3,74,14,5.82
507,Baghdad,IQ,2022-06-17 21:55:30,33.3406,44.4009,93.11,18,0,10.36
508,Rebrikha,RU,2022-06-17 21:55:31,53.0733,82.3408,54.05,97,81,8.16
509,Sur,OM,2022-06-17 21:55:31,22.5667,59.5289,87.22,71,1,8.7
510,Plaster Rock,CA,2022-06-17 21:55:31,46.9065,-67.39,62.96,89,62,8.97
511,Rawson,AR,2022-06-17 21:50:50,-43.3002,-65.1023,47.77,44,0,21.68
512,Hereford,GB,2022-06-17 21:55:03,52.0568,-2.7148,67.6,77,3,1.92
513,Cotonou,BJ,2022-06-17 21:55:32,6.3654,2.4183,78.78,83,40,10.36
514,North Platte,US,2022-06-17 21:55:32,41.1239,-100.7654,100.08,24,1,18.01
515,Chicama,PE,2022-06-17 21:55:33,-7.8447,-79.1469,63.14,68,84,8.41
516,Basoko,CD,2022-06-17 21:55:33,1.2391,23.616,70.47,97,100,2.44
517,Madinat Sittah Uktubar,EG,2022-06-17 21:55:34,29.8167,31.05,76.6,70,0,15.14
518,Sonthofen,DE,2022-06-17 21:55:34,47.5167,10.2833,64.67,68,75,5.21
519,Alta Floresta,BR,2022-06-17 21:55:34,-9.8756,-56.0861,77.49,48,13,3.24
520,Alquizar,CU,2022-06-17 21:55:35,22.8058,-82.5842,87.58,57,45,11.27
521,Urucara,BR,2022-06-17 21:55:35,-2.5364,-57.76,77.34,68,17,1.92
522,Riyadh,SA,2022-06-17 21:55:35,24.6877,46.7219,96.94,14,3,10.67
523,Piacabucu,BR,2022-06-17 21:55:36,-10.4056,-36.4344,74.97,85,91,7.07
524,Motygino,RU,2022-06-17 21:55:36,58.1831,94.7592,53.17,96,16,3.11
525,Nicoya,CR,2022-06-17 21:55:36,10.1483,-85.452,79.81,84,95,5.79
526,Kaniama,CD,2022-06-17 21:55:37,-7.5667,24.1833,67.78,37,49,5.08
527,Nyurba,RU,2022-06-17 21:55:37,63.2842,118.3319,58.01,57,60,2.51
528,Roma,US,2022-06-17 21:55:37,43.2128,-75.4557,74.88,70,32,16.24
529,Berlevag,NO,2022-06-17 21:55:38,70.8578,29.0864,41.0,93,75,11.5
530,Ostersund,SE,2022-06-17 21:55:38,63.1792,14.6357,59.45,77,20,6.91
531,Tadine,NC,2022-06-17 21:55:38,-21.55,167.8833,73.08,91,100,11.61
532,Nikolsk,RU,2022-06-17 21:55:39,53.7189,46.0712,59.11,65,100,2.53
533,Adrar,MR,2022-06-17 21:55:39,20.5022,-10.0711,85.17,42,98,17.67
534,Kirensk,RU,2022-06-17 21:55:39,57.7853,108.1119,63.61,83,100,3.49
535,Narrabri,AU,2022-06-17 21:55:40,-30.3167,149.7833,48.45,75,58,7.16
536,Sola,VU,2022-06-17 21:55:40,-13.8833,167.55,79.47,89,100,0.0
537,Susanville,US,2022-06-17 21:55:40,40.4163,-120.653,66.04,17,0,14.97
538,Abu Samrah,SY,2022-06-17 21:55:41,35.3029,37.1841,80.51,31,0,6.4
539,Bereslavka,RU,2022-06-17 21:55:41,48.6254,44.0449,59.77,58,22,4.52
540,Wakefield,GB,2022-06-17 21:55:41,53.6809,-1.499,67.24,79,68,8.57
541,Nome,US,2022-06-17 21:51:58,64.5011,-165.4064,65.16,39,100,8.05
542,Vammala,FI,2022-06-17 21:55:42,61.3333,22.9,56.1,76,79,3.0
543,Tiznit,MA,2022-06-17 21:55:42,29.5833,-9.5,73.8,55,0,2.28
544,Orihuela,ES,2022-06-17 21:55:43,38.0848,-0.944,84.15,44,70,1.01
545,Bocana De Paiwas,NI,2022-06-17 21:55:43,12.7857,-85.1227,82.85,76,91,1.52
546,Cabedelo,BR,2022-06-17 21:55:43,-6.9811,-34.8339,75.87,78,10,7.49
547,Rey Bouba,CM,2022-06-17 21:55:44,8.6724,14.1786,73.56,89,100,3.22
548,Miedzychod,PL,2022-06-17 21:56:44,52.5988,15.897,69.39,64,100,2.93
549,Tazovskiy,RU,2022-06-17 21:56:44,67.4667,78.7,45.23,61,29,8.19
550,Ryotsu,JP,2022-06-17 21:56:45,38.0833,138.4333,70.23,76,43,6.44
551,Chapleau,CA,2022-06-17 21:56:45,47.8405,-83.4034,48.29,81,100,12.66
552,Plettenberg Bay,ZA,2022-06-17 21:56:46,-34.0527,23.3716,66.43,34,68,8.93
553,Williamsburg,US,2022-06-17 21:52:05,37.2707,-76.7075,97.75,48,0,8.05
554,Stepnyak,KZ,2022-06-17 21:56:46,52.8339,70.7803,60.87,62,19,3.31
555,Ormara,PK,2022-06-17 21:55:11,25.2088,64.6357,82.8,85,83,9.95
556,Nalut,LY,2022-06-17 21:56:46,30.3333,10.85,81.64,20,0,9.55
557,Port Augusta,AU,2022-06-17 21:56:47,-32.5,137.7667,46.89,77,0,4.99
558,Dunedin,NZ,2022-06-17 21:56:47,-45.8742,170.5036,47.8,67,17,5.7
559,Turbat,PK,2022-06-17 21:56:47,26.0023,63.044,84.02,78,5,5.48
560,Salamanca,ES,2022-06-17 21:56:48,40.8333,-6.0,71.38,49,96,8.63
561,Atbasar,KZ,2022-06-17 21:56:48,51.8,68.3333,62.8,73,86,1.99
562,Bilibino,RU,2022-06-17 21:56:48,68.0546,166.4372,62.01,29,44,2.89
563,Faanui,PF,2022-06-17 21:56:49,-16.4833,-151.75,80.33,70,4,18.21
564,Okhotsk,RU,2022-06-17 21:56:49,59.3833,143.3,45.59,88,94,4.03
565,Haikou,CN,2022-06-17 21:56:50,20.0458,110.3417,80.73,89,0,8.95
566,Peniche,PT,2022-06-17 21:54:15,39.3558,-9.3811,67.1,88,52,6.78
567,Kupang,ID,2022-06-17 21:56:50,-10.1667,123.5833,74.79,85,70,8.25
568,Dawlatabad,AF,2022-06-17 21:56:50,36.4141,64.9053,81.1,15,0,9.06
569,Vanimo,PG,2022-06-17 21:56:51,-2.6741,141.3028,77.85,87,78,5.3
570,Milverton,CA,2022-06-17 21:56:51,43.5668,-80.9164,76.24,72,23,20.18
571,Jiamusi,CN,2022-06-17 21:56:52,46.8333,130.35,66.33,70,15,8.57
572,Sucila,MX,2022-06-17 21:56:52,21.15,-88.3167,86.49,56,93,14.79
573,Sept-Iles,CA,2022-06-17 21:56:52,50.2001,-66.3821,61.32,92,75,5.75
574,Mangan,IN,2022-06-17 21:56:53,27.5167,88.5333,73.69,99,100,1.05
575,Lamu,KE,2022-06-17 21:56:53,-2.2717,40.902,78.03,79,4,16.42
576,Altus,US,2022-06-17 21:56:53,34.6381,-99.334,100.51,23,0,14.97
577,Bressanone,IT,2022-06-17 21:56:54,46.715,11.656,66.18,71,72,3.67
578,Naze,JP,2022-06-17 21:56:54,28.3667,129.4833,74.32,87,100,16.49
